value,Side of Spinal Cord
0.7622942559623791,"ipsi, injured foot"
1.637294255962379,"ipsi, injured foot"
2.7485723883103788,"ipsi, injured foot"
2.22357238831038,"contra, injured foot  "
-0.49861437688948484,"ipsi, uninjured foot"
2.089427275780988,"ipsi, uninjured foot"
1.9894272757809865,"contra, uninjured foot"
-1.9986143768894848,"contra, uninjured foot"
