value,Side of Spinal Cord
2.9504282835068842,"ipsi, injured foot"
3.810933825999328,"ipsi, injured foot"
1.0410648303661407,"ipsi, injured foot"
0.610841451125296,"contra, injured foot  "
0.06606483036614108,"contra, injured foot  "
3.7609338259993272,"contra, injured foot  "
3.0504282835068857,"contra, injured foot  "
0.5872942559623784,"ipsi, uninjured foot"
3.4007977830030214,"contra, uninjured foot"
